Dataset,Batch Selection Strategy,Accuracy,Balanced Accuracy,Precision,Recall,F1 Score,Disparate Impact,Statistical Parity Difference,Average Odds Difference,Equal Opportunity Difference
German Credit,batch_by_correlation,0.78,0.7025,0.8069,0.8995,0.8507,0.8806,-0.0853,-0.1467,-0.0971
German Credit,batch_by_similarity,0.78,0.6963,0.8017,0.9091,0.852,0.8806,-0.0853,-0.1224,-0.0774
German Credit,random_batching,0.78,0.7025,0.8069,0.8995,0.8507,0.8806,-0.0853,-0.1019,-0.0656
Income Census,batch_by_correlation,0.8489,0.7539,0.7771,0.5622,0.6524,0.359,-0.2036,-0.0228,0.0047
Income Census,batch_by_similarity,0.8495,0.7706,0.746,0.6113,0.672,0.359,-0.2036,-0.066,-0.0562
Income Census,random_batching,0.8492,0.7725,0.7409,0.6179,0.6738,0.359,-0.2036,-0.072,-0.0639
Recidivism Compass,batch_by_correlation,0.6818,0.6683,0.688,0.7854,0.7335,0.8315,-0.1056,-0.0543,-0.0265
Recidivism Compass,batch_by_similarity,0.6799,0.6634,0.6792,0.807,0.7376,0.8315,-0.1056,-0.177,-0.1175
Recidivism Compass,random_batching,0.6827,0.6664,0.6818,0.8078,0.7395,0.8315,-0.1056,-0.1886,-0.1232
